m1,m2,a,theta,muk
1.000000 ±  2.000000,2.000000 ±  3.000000,3.000000 ±  4.000000,4.000000 ±  5.000000,1.634573 ±  6.916025
3.000000 ±  5.000000,2.470000 ±  1.300000,4.000000 ±  2.000000,3.000000 ±  19.000000,0.675470 ±  2.076245
