m1,m2,a,theta,muk
172.080000 ±  0.000000,160.050000 ±  0.000000,1.163000 ±  0.000000,26.800000 ±  0.000000,0.280267 ±  0.000000
